101,เกาะลันตา,101,กระบี่
102,เขาพนม,101,กระบี่
103,คลองท่อม,101,กระบี่
104,ปลายพระยา,101,กระบี่
105,เมืองกระบี่,101,กระบี่
106,ลำทับ,101,กระบี่
107,เหนือคลอง,101,กระบี่
108,อ่าวลึก,101,กระบี่
109,บ้านทะวาย,102,กรุงเทพมหานคร
110,เขตคลองเตย,102,กรุงเทพมหานคร
111,เขตคลองสาน,102,กรุงเทพมหานคร
112,เขตคลองสามวา,102,กรุงเทพมหานคร
113,เขตคันนายาว,102,กรุงเทพมหานคร
114,เขตจตุจักร,102,กรุงเทพมหานคร
115,เขตจอมทอง,102,กรุงเทพมหานคร
116,เขตดอนเมือง,102,กรุงเทพมหานคร
117,เขตดินแดง,102,กรุงเทพมหานคร
118,เขตดุสิต,102,กรุงเทพมหานคร
119,เขตตลิ่งชัน,102,กรุงเทพมหานคร
120,เขตทวีวัฒนา,102,กรุงเทพมหานคร
121,เขตทุ่งครุ,102,กรุงเทพมหานคร
122,เขตธนบุรี,102,กรุงเทพมหานคร
123,เขตบางกอกน้อย,102,กรุงเทพมหานคร
124,เขตบางกอกใหญ่,102,กรุงเทพมหานคร
125,เขตบางกะปิ,102,กรุงเทพมหานคร
126,เขตบางขุนเทียน,102,กรุงเทพมหานคร
127,เขตบางเขน,102,กรุงเทพมหานคร
128,เขตบางคอแหลม,102,กรุงเทพมหานคร
129,เขตบางแค,102,กรุงเทพมหานคร
130,เขตบางซื่อ,102,กรุงเทพมหานคร
131,เขตบางนา,102,กรุงเทพมหานคร
132,เขตบางบอน,102,กรุงเทพมหานคร
133,เขตบางพลัด,102,กรุงเทพมหานคร
134,เขตบางรัก,102,กรุงเทพมหานคร
135,เขตบึงกุ่ม,102,กรุงเทพมหานคร
136,เขตปทุมวัน,102,กรุงเทพมหานคร
137,เขตประเวศ,102,กรุงเทพมหานคร
138,เขตป้อมปราบศัตรูพ่าย,102,กรุงเทพมหานคร
139,เขตพญาไท,102,กรุงเทพมหานคร
140,เขตพระโขนง,102,กรุงเทพมหานคร
141,เขตพระนคร,102,กรุงเทพมหานคร
142,เขตภาษีเจริญ,102,กรุงเทพมหานคร
143,เขตมีนบุรี,102,กรุงเทพมหานคร
144,เขตยานนาวา,102,กรุงเทพมหานคร
145,เขตราชเทวี,102,กรุงเทพมหานคร
146,เขตราษฎร์บูรณะ,102,กรุงเทพมหานคร
147,เขตลาดกระบัง,102,กรุงเทพมหานคร
148,เขตลาดพร้าว,102,กรุงเทพมหานคร
149,เขตวังทองหลาง,102,กรุงเทพมหานคร
150,เขตวัฒนา,102,กรุงเทพมหานคร
151,เขตสวนหลวง,102,กรุงเทพมหานคร
152,เขตสะพานสูง,102,กรุงเทพมหานคร
153,เขตสัมพันธวงศ์,102,กรุงเทพมหานคร
154,เขตสาทร,102,กรุงเทพมหานคร
155,เขตสายไหม,102,กรุงเทพมหานคร
156,เขตหนองแขม,102,กรุงเทพมหานคร
157,เขตหนองจอก,102,กรุงเทพมหานคร
158,เขตหลักสี่,102,กรุงเทพมหานคร
159,เขตห้วยขวาง,102,กรุงเทพมหานคร
160,ด่านมะขามเตี้ย,103,กาญจนบุรี
161,ทองผาภูมิ,103,กาญจนบุรี
162,ท่าม่วง,103,กาญจนบุรี
163,ท่ามะกา,103,กาญจนบุรี
164,ไทรโยค,103,กาญจนบุรี
165,บ่อพลอย,103,กาญจนบุรี
166,บ้านทวน,103,กาญจนบุรี
167,พนมทวน,103,กาญจนบุรี
168,เมืองกาญจนบุรี,103,กาญจนบุรี
169,เลาขวัญ,103,กาญจนบุรี
170,ศรีสวัสดิ์,103,กาญจนบุรี
171,สังขละบุรี,103,กาญจนบุรี
172,หนองปรือ,103,กาญจนบุรี
173,ห้วยกระเจา,103,กาญจนบุรี
174,กมลาไสย,104,กาฬสินธุ์
175,กุฉินารายณ์,104,กาฬสินธุ์
176,เขาวง,104,กาฬสินธุ์
177,คำม่วง,104,กาฬสินธุ์
178,ฆ้องชัย,104,กาฬสินธุ์
179,ดอนจาน,104,กาฬสินธุ์
180,ท่าคันโท,104,กาฬสินธุ์
181,นาคู,104,กาฬสินธุ์
182,นามน,104,กาฬสินธุ์
183,เมืองกาฬสินธุ์,104,กาฬสินธุ์
184,ยางตลาด,104,กาฬสินธุ์
185,ร่องคำ,104,กาฬสินธุ์
186,สมเด็จ,104,กาฬสินธุ์
187,สหัสขันธ์,104,กาฬสินธุ์
188,สามชัย,104,กาฬสินธุ์
189,หนองกุงศรี,104,กาฬสินธุ์
190,ห้วยผึ้ง,104,กาฬสินธุ์
191,ห้วยเม็ก,104,กาฬสินธุ์
192,โกสัมพีนคร,105,กำแพงเพชร
193,ขาณุวรลักษบุรี,105,กำแพงเพชร
194,คลองขลุง,105,กำแพงเพชร
195,คลองลาน,105,กำแพงเพชร
196,ทรายทองวัฒนา,105,กำแพงเพชร
197,ไทรงาม,105,กำแพงเพชร
198,บึงสามัคคี,105,กำแพงเพชร
199,ปางศิลาทอง,105,กำแพงเพชร
200,พรานกระต่าย,105,กำแพงเพชร
201,เมืองกำแพงเพชร,105,กำแพงเพชร
202,ลานกระบือ,105,กำแพงเพชร
203,กระนวน,106,ขอนแก่น
204,เขาสวนกวาง,106,ขอนแก่น
205,โคกโพธิ์ไชย,106,ขอนแก่น
206,ชนบท,106,ขอนแก่น
207,ชุมแพ,106,ขอนแก่น
208,ซำสูง,106,ขอนแก่น
209,น้ำพอง,106,ขอนแก่น
210,โนนศิลา,106,ขอนแก่น
211,บ้านไผ่,106,ขอนแก่น
212,บ้านฝาง,106,ขอนแก่น
213,บ้านแฮด,106,ขอนแก่น
214,เปือยน้อย,106,ขอนแก่น
215,พระยืน,106,ขอนแก่น
216,พล,106,ขอนแก่น
217,ภูผาม่าน,106,ขอนแก่น
218,ภูเวียง,106,ขอนแก่น
219,มัญจาคีรี,106,ขอนแก่น
220,เมืองขอนแก่น,106,ขอนแก่น
221,เวียงเก่า,106,ขอนแก่น
222,แวงน้อย,106,ขอนแก่น
223,แวงใหญ่,106,ขอนแก่น
224,สีชมพู,106,ขอนแก่น
225,หนองนาคำ,106,ขอนแก่น
226,หนองเรือ,106,ขอนแก่น
227,หนองสองห้อง,106,ขอนแก่น
228,อุบลรัตน์,106,ขอนแก่น
229,กิ่งอำเภอกำพุธ,107,จันทบุรี
230,แก่งหางแมว,107,จันทบุรี
231,ขลุง,107,จันทบุรี
232,เขาคิชฌกูฏ,107,จันทบุรี
233,ท่าใหม่,107,จันทบุรี
234,นายายอาม,107,จันทบุรี
235,โป่งน้ำร้อน,107,จันทบุรี
236,มะขาม,107,จันทบุรี
237,เมืองจันทบุรี,107,จันทบุรี
238,สอยดาว,107,จันทบุรี
239,แหลมสิงห์,107,จันทบุรี
240,คลองเขื่อน,108,ฉะเชิงเทรา
241,ท่าตะเกียบ,108,ฉะเชิงเทรา
242,บางคล้า,108,ฉะเชิงเทรา
243,บางน้ำเปรี้ยว,108,ฉะเชิงเทรา
244,บางปะกง,108,ฉะเชิงเทรา
245,บ้านโพธิ์,108,ฉะเชิงเทรา
246,แปลงยาว,108,ฉะเชิงเทรา
247,พนมสารคาม,108,ฉะเชิงเทรา
248,เมืองฉะเชิงเทรา,108,ฉะเชิงเทรา
249,ราชสาส์น,108,ฉะเชิงเทรา
250,สนามชัยเขต,108,ฉะเชิงเทรา
251,เกาะจันทร์,109,ชลบุรี
252,เกาะสีชัง,109,ชลบุรี
253,บ่อทอง,109,ชลบุรี
254,บางละมุง,109,ชลบุรี
255,บ้านบึง,109,ชลบุรี
256,พนัสนิคม,109,ชลบุรี
257,พานทอง,109,ชลบุรี
258,เมืองชลบุรี,109,ชลบุรี
259,ศรีราชา,109,ชลบุรี
260,สัตหีบ,109,ชลบุรี
261,หนองใหญ่,109,ชลบุรี
262,เนินขาม,110,ชัยนาท
263,มโนรมย์,110,ชัยนาท
264,เมืองชัยนาท,110,ชัยนาท
265,วัดสิงห์,110,ชัยนาท
266,สรรคบุรี,110,ชัยนาท
267,สรรพยา,110,ชัยนาท
268,หนองมะโมง,110,ชัยนาท
269,หันคา,110,ชัยนาท
270,ท่าแซะ,111,ชุมพร
271,ทุ่งตะโก,111,ชุมพร
272,ปะทิว,111,ชุมพร
273,พะโต๊ะ,111,ชุมพร
274,เมืองชุมพร,111,ชุมพร
275,ละแม,111,ชุมพร
276,สวี,111,ชุมพร
277,หลังสวน,111,ชุมพร
278,ขุนตาล,112,เชียงราย
279,เชียงของ,112,เชียงราย
280,เชียงแสน,112,เชียงราย
281,ดอยหลวง,112,เชียงราย
282,เทิง,112,เชียงราย
283,ป่าแดด,112,เชียงราย
284,พญาเม็งราย,112,เชียงราย
285,พาน,112,เชียงราย
286,เมืองเชียงราย,112,เชียงราย
287,แม่จัน,112,เชียงราย
288,แม่ฟ้าหลวง,112,เชียงราย
289,แม่ลาว,112,เชียงราย
290,แม่สรวย,112,เชียงราย
291,แม่สาย,112,เชียงราย
292,เวียงแก่น,112,เชียงราย
293,เวียงชัย,112,เชียงราย
294,เวียงเชียงรุ้ง,112,เชียงราย
295,เวียงป่าเป้า,112,เชียงราย
296,จอมทอง,113,เชียงใหม่
297,เชียงดาว,113,เชียงใหม่
298,ไชยปราการ,113,เชียงใหม่
299,ดอยเต่า,113,เชียงใหม่
300,ดอยสะเก็ด,113,เชียงใหม่
301,ดอยหล่อ,113,เชียงใหม่
302,ฝาง,113,เชียงใหม่
303,พร้าว,113,เชียงใหม่
304,เมืองเชียงใหม่,113,เชียงใหม่
305,แม่แจ่ม,113,เชียงใหม่
306,แม่แตง,113,เชียงใหม่
307,แม่ริม,113,เชียงใหม่
308,แม่วาง,113,เชียงใหม่
309,แม่ออน,113,เชียงใหม่
310,แม่อาย,113,เชียงใหม่
311,เวียงแหง,113,เชียงใหม่
312,สะเมิง,113,เชียงใหม่
313,สันกำแพง,113,เชียงใหม่
314,สันทราย,113,เชียงใหม่
315,สันป่าตอง,113,เชียงใหม่
316,สารภี,113,เชียงใหม่
317,หางดง,113,เชียงใหม่
318,อมก๋อย,113,เชียงใหม่
319,ฮอด,113,เชียงใหม่
320,กันตัง,114,ตรัง
321,นาโยง,114,ตรัง
322,ปะเหลียน,114,ตรัง
323,เมืองตรัง,114,ตรัง
324,ย่านตาขาว,114,ตรัง
325,รัษฎา,114,ตรัง
326,วังวิเศษ,114,ตรัง
327,สิเกา,114,ตรัง
328,ห้วยยอด,114,ตรัง
329,หาดสำราญ,114,ตรัง
330,เกาะกูด,115,ตราด
331,เกาะช้าง,115,ตราด
332,เขาสมิง,115,ตราด
333,คลองใหญ่,115,ตราด
334,บ่อไร่,115,ตราด
335,เมืองตราด,115,ตราด
336,แหลมงอบ,115,ตราด
337,กิ่งอำเภอท่าปุย,116,ตาก
338,ท่าสองยาง,116,ตาก
339,บ้านตาก,116,ตาก
340,พบพระ,116,ตาก
341,เมืองตาก,116,ตาก
342,แม่ระมาด,116,ตาก
343,แม่สอด,116,ตาก
344,วังเจ้า,116,ตาก
345,สามเงา,116,ตาก
346,อุ้มผาง,116,ตาก
347,บ้านนา,117,นครนายก
348,ปากพลี,117,นครนายก
349,เมืองนครนายก,117,นครนายก
350,องครักษ์,117,นครนายก
351,กำแพงแสน,118,นครปฐม
352,ดอนตูม,118,นครปฐม
353,นครชัยศรี,118,นครปฐม
354,บางเลน,118,นครปฐม
355,พุทธมณฑล,118,นครปฐม
356,เมืองนครปฐม,118,นครปฐม
357,สามพราน,118,นครปฐม
358,ท่าอุเทน,119,นครพนม
359,ธาตุพนม,119,นครพนม
360,นาแก,119,นครพนม
361,นาทม,119,นครพนม
362,นาหว้า,119,นครพนม
363,บ้านแพง,119,นครพนม
364,ปลาปาก,119,นครพนม
365,โพนสวรรค์,119,นครพนม
366,เมืองนครพนม,119,นครพนม
367,เรณูนคร,119,นครพนม
368,วังยาง,119,นครพนม
369,ศรีสงคราม,119,นครพนม
370,แก้งสนามนาง,120,นครราชสีมา
371,ขามทะเลสอ,120,นครราชสีมา
372,ขามสะแกแสง,120,นครราชสีมา
373,คง,120,นครราชสีมา
374,ครบุรี,120,นครราชสีมา
375,จักราช,120,นครราชสีมา
376,เฉลิมพระเกียรติ,120,นครราชสีมา
377,ชุมพวง,120,นครราชสีมา
378,โชคชัย,120,นครราชสีมา
379,ด่านขุนทด,120,นครราชสีมา
380,เทพารักษ์,120,นครราชสีมา
381,โนนแดง,120,นครราชสีมา
382,โนนไทย,120,นครราชสีมา
383,โนนลาว,120,นครราชสีมา
384,โนนสูง,120,นครราชสีมา
385,บัวลาย,120,นครราชสีมา
386,บัวใหญ่,120,นครราชสีมา
387,บ้านเหลื่อม,120,นครราชสีมา
388,ประทาย,120,นครราชสีมา
389,ปักธงชัย,120,นครราชสีมา
390,ปากช่อง,120,นครราชสีมา
391,พระทองคำ,120,นครราชสีมา
392,พิมาย,120,นครราชสีมา
393,เมืองนครราชสีมา,120,นครราชสีมา
394,เมืองยาง,120,นครราชสีมา
395,ลำทะเมนชัย,120,นครราชสีมา
396,วังน้ำเขียว,120,นครราชสีมา
397,สีคิ้ว,120,นครราชสีมา
398,สีดา,120,นครราชสีมา
399,สูงเนิน,120,นครราชสีมา
400,เสิงสาง,120,นครราชสีมา
401,หนองบุญมาก,120,นครราชสีมา
402,ห้วยแถลง,120,นครราชสีมา
403,ขนอม,121,นครศรีธรรมราช
404,จุฬาภรณ์,121,นครศรีธรรมราช
405,ฉวาง,121,นครศรีธรรมราช
406,เฉลิมพระเกียรติ,121,นครศรีธรรมราช
407,ชะอวด,121,นครศรีธรรมราช
408,ช้างกลาง,121,นครศรีธรรมราช
409,เชียรใหญ่,121,นครศรีธรรมราช
410,เชียรใหญ่,121,นครศรีธรรมราช
411,ถ้ำพรรณรา,121,นครศรีธรรมราช
412,ท่าศาลา,121,นครศรีธรรมราช
413,ทุ่งสง,121,นครศรีธรรมราช
414,ทุ่งสง,121,นครศรีธรรมราช
415,ทุ่งใหญ่,121,นครศรีธรรมราช
416,นบพิตำ,121,นครศรีธรรมราช
417,นาบอน,121,นครศรีธรรมราช
418,บางขัน,121,นครศรีธรรมราช
419,ปากพนัง,121,นครศรีธรรมราช
420,พรหมคีรี,121,นครศรีธรรมราช
421,พระพรหม,121,นครศรีธรรมราช
422,พิปูน,121,นครศรีธรรมราช
423,เมืองนครศรีธรรมราช,121,นครศรีธรรมราช
424,ร่อนพิบูลย์,121,นครศรีธรรมราช
425,ร่อนพิบูลย์,121,นครศรีธรรมราช
426,ลานสกา,121,นครศรีธรรมราช
427,สิชล,121,นครศรีธรรมราช
428,หัวไทร,121,นครศรีธรรมราช
429,หัวไทร,121,นครศรีธรรมราช
430,กิ่งอำเภอชุมตาบง,122,นครสวรรค์
431,เก้าเลี้ยว,122,นครสวรรค์
432,โกรกพระ,122,นครสวรรค์
433,ชุมตาบง,122,นครสวรรค์
434,ชุมแสง,122,นครสวรรค์
435,ตากฟ้า,122,นครสวรรค์
436,ตาคลี,122,นครสวรรค์
437,ท่าตะโก,122,นครสวรรค์
438,บรรพตพิสัย,122,นครสวรรค์
439,พยุหะคีรี,122,นครสวรรค์
440,ไพศาลี,122,นครสวรรค์
441,เมืองนครสวรรค์,122,นครสวรรค์
442,แม่เปิน,122,นครสวรรค์
443,แม่วงก์,122,นครสวรรค์
444,แม่วงก์,122,นครสวรรค์
445,ลาดยาว,122,นครสวรรค์
446,หนองบัว,122,นครสวรรค์
447,ไทรน้อย,123,นนทบุรี
448,บางกรวย,123,นนทบุรี
449,บางบัวทอง,123,นนทบุรี
450,บางใหญ่,123,นนทบุรี
451,ปากเกร็ด,123,นนทบุรี
452,เมืองนนทบุรี,123,นนทบุรี
453,จะแนะ,124,นราธิวาส
454,เจาะไอร้อง,124,นราธิวาส
455,ตากใบ,124,นราธิวาส
456,บางนรา,124,นราธิวาส
457,บาเจาะ,124,นราธิวาส
458,เมืองนราธิวาส,124,นราธิวาส
459,ยี่งอ,124,นราธิวาส
460,ระแงะ,124,นราธิวาส
461,รือเสาะ,124,นราธิวาส
462,แว้ง,124,นราธิวาส
463,ศรีสาคร,124,นราธิวาส
464,สุคิริน,124,นราธิวาส
465,สุไหงโก-ลก,124,นราธิวาส
466,สุไหงปาดี,124,นราธิวาส
467,เฉลิมพระเกียรติ,125,น่าน
468,เชียงกลาง,125,น่าน
469,ท่าวังผา,125,น่าน
470,ทุ่งช้าง,125,น่าน
471,นาน้อย,125,น่าน
472,นาหมื่น,125,น่าน
473,บ่อเกลือ,125,น่าน
474,บ้านหลวง,125,น่าน
475,ปัว,125,น่าน
476,ภูเพียง,125,น่าน
477,เมืองน่าน,125,น่าน
478,แม่จริม,125,น่าน
479,เวียงสา,125,น่าน
480,สองแคว,125,น่าน
481,สันติสุข,125,น่าน
482,กระสัง,126,บุรีรัมย์
483,คูเมือง,126,บุรีรัมย์
484,แคนดง,126,บุรีรัมย์
485,เฉลิมพระเกียรติ,126,บุรีรัมย์
486,ชำนิ,126,บุรีรัมย์
487,นางรอง,126,บุรีรัมย์
488,นาโพธิ์,126,บุรีรัมย์
489,โนนดินแดง,126,บุรีรัมย์
490,โนนสุวรรณ,126,บุรีรัมย์
491,บ้านกรวด,126,บุรีรัมย์
492,บ้านด่าน,126,บุรีรัมย์
493,บ้านใหม่ไชยพจน์,126,บุรีรัมย์
494,ประโคนชัย,126,บุรีรัมย์
495,ปะคำ,126,บุรีรัมย์
496,พลับพลาชัย,126,บุรีรัมย์
497,พุทไธสง,126,บุรีรัมย์
498,เมืองบุรีรัมย์,126,บุรีรัมย์
499,ละหานทราย,126,บุรีรัมย์
500,ลำปลายมาศ,126,บุรีรัมย์
501,สตึก,126,บุรีรัมย์
502,หนองกี่,126,บุรีรัมย์
503,หนองหงส์,126,บุรีรัมย์
504,ห้วยราช,126,บุรีรัมย์
505,คลองหลวง,127,ปทุมธานี
506,ธัญบุรี,127,ปทุมธานี
507,เมืองปทุมธานี,127,ปทุมธานี
508,ลาดหลุมแก้ว,127,ปทุมธานี
509,ลำลูกกา,127,ปทุมธานี
510,สามโคก,127,ปทุมธานี
511,หนองเสือ,127,ปทุมธานี
512,กุยบุรี,128,ประจวบคีรีขันธ์
513,ทับสะแก,128,ประจวบคีรีขันธ์
514,บางสะพาน,128,ประจวบคีรีขันธ์
515,บางสะพานน้อย,128,ประจวบคีรีขันธ์
516,ปราณบุรี,128,ประจวบคีรีขันธ์
517,เมืองประจวบคีรีขันธ์,128,ประจวบคีรีขันธ์
518,สามร้อยยอด,128,ประจวบคีรีขันธ์
519,หัวหิน,128,ประจวบคีรีขันธ์
520,กบินทร์บุรี,129,ปราจีนบุรี
521,คลองหาด,129,ปราจีนบุรี
522,ตาพระยา,129,ปราจีนบุรี
523,นาดี,129,ปราจีนบุรี
524,บ้านสร้าง,129,ปราจีนบุรี
525,ประจันตคาม,129,ปราจีนบุรี
526,เมืองปราจีนบุรี,129,ปราจีนบุรี
527,วังน้ำเย็น,129,ปราจีนบุรี
528,วัฒนานคร,129,ปราจีนบุรี
529,ศรีมหาโพธิ,129,ปราจีนบุรี
530,ศรีมโหสถ,129,ปราจีนบุรี
531,สระแก้ว,129,ปราจีนบุรี
532,อรัญประเทศ,129,ปราจีนบุรี
533,กะพ้อ,130,ปัตตานี
534,โคกโพธิ์,130,ปัตตานี
535,ทุ่งยางแดง,130,ปัตตานี
536,ปะนาเระ,130,ปัตตานี
537,มายอ,130,ปัตตานี
538,เมืองปัตตานี,130,ปัตตานี
539,แม่ลาน,130,ปัตตานี
540,ไม้แก่น,130,ปัตตานี
541,ยะรัง,130,ปัตตานี
542,ยะหริ่ง,130,ปัตตานี
543,สายบุรี,130,ปัตตานี
544,หนองจิก,130,ปัตตานี
545,ท่าเรือ,131,พระนครศรีอยุธยา
546,นครหลวง,131,พระนครศรีอยุธยา
547,บางซ้าย,131,พระนครศรีอยุธยา
548,บางไทร,131,พระนครศรีอยุธยา
549,บางบาล,131,พระนครศรีอยุธยา
550,บางปะหัน,131,พระนครศรีอยุธยา
551,บางปะอิน,131,พระนครศรีอยุธยา
552,บ้านแพรก,131,พระนครศรีอยุธยา
553,ผักไห่,131,พระนครศรีอยุธยา
554,พระนครศรีอยุธยา,131,พระนครศรีอยุธยา
555,ภาชี,131,พระนครศรีอยุธยา
556,มหาราช,131,พระนครศรีอยุธยา
557,ลาดบัวหลวง,131,พระนครศรีอยุธยา
558,วังน้อย,131,พระนครศรีอยุธยา
559,เสนา,131,พระนครศรีอยุธยา
560,อุทัย,131,พระนครศรีอยุธยา
561,จุน,132,พะเยา
562,เชียงคำ,132,พะเยา
563,เชียงม่วน,132,พะเยา
564,ดอกคำใต้,132,พะเยา
565,ปง,132,พะเยา
566,ภูกามยาว,132,พะเยา
567,ภูซาง,132,พะเยา
568,เมืองพะเยา,132,พะเยา
569,แม่ใจ,132,พะเยา
570,กะปง,133,พังงา
571,เกาะยาว,133,พังงา
572,คุระบุรี,133,พังงา
573,ตะกั่วทุ่ง,133,พังงา
574,ตะกั่วป่า,133,พังงา
575,ทับปุด,133,พังงา
576,ท้ายเหมือง,133,พังงา
577,เมืองพังงา,133,พังงา
578,กงหรา,134,พัทลุง
579,เขาชัยสน,134,พัทลุง
580,ควนขนุน,134,พัทลุง
581,ตะโหมด,134,พัทลุง
582,บางแก้ว,134,พัทลุง
583,ปากพะยูน,134,พัทลุง
584,ป่าบอน,134,พัทลุง
585,ป่าพะยอม,134,พัทลุง
586,เมืองพัทลุง,134,พัทลุง
587,ศรีนครินทร์,134,พัทลุง
588,ศรีบรรพต,134,พัทลุง
589,ดงเจริญ,135,พิจิตร
590,ตะพานหิน,135,พิจิตร
591,ทับคล้อ,135,พิจิตร
592,บางมูลนาก,135,พิจิตร
593,บึงนาราง,135,พิจิตร
594,โพทะเล,135,พิจิตร
595,โพธิ์ประทับช้าง,135,พิจิตร
596,เมืองพิจิตร,135,พิจิตร
597,วชิรบารมี,135,พิจิตร
598,วังทรายพูน,135,พิจิตร
599,สากเหล็ก,135,พิจิตร
600,สามง่าม,135,พิจิตร
601,ชาติตระการ,136,พิษณุโลก
602,นครไทย,136,พิษณุโลก
603,เนินมะปราง,136,พิษณุโลก
604,บางกระทุ่ม,136,พิษณุโลก
605,บางระกำ,136,พิษณุโลก
606,พรหมพิราม,136,พิษณุโลก
607,เมืองพิษณุโลก,136,พิษณุโลก
608,วังทอง,136,พิษณุโลก
609,วัดโบสถ์,136,พิษณุโลก
610,แก่งกระจาน,137,เพชรบุรี
611,เขาย้อย,137,เพชรบุรี
612,ชะอำ,137,เพชรบุรี
613,ท่ายาง,137,เพชรบุรี
614,บ้านลาด,137,เพชรบุรี
615,บ้านแหลม,137,เพชรบุรี
616,เมืองเพชรบุรี,137,เพชรบุรี
617,หนองหญ้าปล้อง,137,เพชรบุรี
618,เขาค้อ,138,เพชรบูรณ์
619,ชนแดน,138,เพชรบูรณ์
620,น้ำหนาว,138,เพชรบูรณ์
621,บึงสามพัน,138,เพชรบูรณ์
622,เมืองเพชรบูรณ์,138,เพชรบูรณ์
623,วังโป่ง,138,เพชรบูรณ์
624,วิเชียรบุรี,138,เพชรบูรณ์
625,ศรีเทพ,138,เพชรบูรณ์
626,หนองไผ่,138,เพชรบูรณ์
627,หล่มเก่า,138,เพชรบูรณ์
628,หล่มสัก,138,เพชรบูรณ์
629,เด่นชัย,139,แพร่
630,เมืองแพร่,139,แพร่
631,ร้องกวาง,139,แพร่
632,ลอง,139,แพร่
633,วังชิ้น,139,แพร่
634,สอง,139,แพร่
635,สูงเม่น,139,แพร่
636,หนองม่วงไข่,139,แพร่
637,กะทู้,140,ภูเก็ต
638,ถลาง,140,ภูเก็ต
639,ทุ่งคา,140,ภูเก็ต
640,เมืองภูเก็ต,140,ภูเก็ต
641,กันทรวิชัย,141,มหาสารคาม
642,กุดรัง,141,มหาสารคาม
643,แกดำ,141,มหาสารคาม
644,โกสุมพิสัย,141,มหาสารคาม
645,ชื่นชม,141,มหาสารคาม
646,เชียงยืน,141,มหาสารคาม
647,นาเชือก,141,มหาสารคาม
648,นาดูน,141,มหาสารคาม
649,บรบือ,141,มหาสารคาม
650,พยัคฆภูมิพิสัย,141,มหาสารคาม
651,เมืองมหาสารคาม,141,มหาสารคาม
652,ยางสีสุราช,141,มหาสารคาม
653,วาปีปทุม,141,มหาสารคาม
654,หลุบ,141,มหาสารคาม
655,คำชะอี,142,มุกดาหาร
656,ดงหลวง,142,มุกดาหาร
657,ดอนตาล,142,มุกดาหาร
658,นิคมคำสร้อย,142,มุกดาหาร
659,เมืองมุกดาหาร,142,มุกดาหาร
660,หนองสูง,142,มุกดาหาร
661,หว้านใหญ่,142,มุกดาหาร
662,ขุนยวม,143,แม่ฮ่องสอน
663,ปางมะผ้า,143,แม่ฮ่องสอน
664,ปาย,143,แม่ฮ่องสอน
665,ม่วยต่อ,143,แม่ฮ่องสอน
666,เมืองแม่ฮ่องสอน,143,แม่ฮ่องสอน
667,แม่ลาน้อย,143,แม่ฮ่องสอน
668,แม่สะเรียง,143,แม่ฮ่องสอน
669,สบเมย,143,แม่ฮ่องสอน
670,กุดชุม,144,ยโสธร
671,ค้อวัง,144,ยโสธร
672,คำเขื่อนแก้ว,144,ยโสธร
673,ทรายมูล,144,ยโสธร
674,ไทยเจริญ,144,ยโสธร
675,ป่าติ้ว,144,ยโสธร
676,มหาชนะชัย,144,ยโสธร
677,เมืองยโสธร,144,ยโสธร
678,เลิงนกทา,144,ยโสธร
679,กรงปินัง,145,ยะลา
680,กาบัง,145,ยะลา
681,ธารโต,145,ยะลา
682,บันนังสตา,145,ยะลา
683,เบตง,145,ยะลา
684,เมืองยะลา,145,ยะลา
685,ยะหา,145,ยะลา
686,รามัน,145,ยะลา
687,เกษตรวิสัย,146,ร้อยเอ็ด
688,จตุรพักตรพิมาน,146,ร้อยเอ็ด
689,จังหาร,146,ร้อยเอ็ด
690,เชียงขวัญ,146,ร้อยเอ็ด
691,ทุ่งเขาหลวง,146,ร้อยเอ็ด
692,ธวัชบุรี,146,ร้อยเอ็ด
693,ปทุมรัตต์,146,ร้อยเอ็ด
694,พนมไพร,146,ร้อยเอ็ด
695,โพธิ์ชัย,146,ร้อยเอ็ด
696,โพนทราย,146,ร้อยเอ็ด
697,โพนทอง,146,ร้อยเอ็ด
698,เมยวดี,146,ร้อยเอ็ด
699,เมืองร้อยเอ็ด,146,ร้อยเอ็ด
700,เมืองสรวง,146,ร้อยเอ็ด
701,ศรีสมเด็จ,146,ร้อยเอ็ด
702,สุวรรณภูมิ,146,ร้อยเอ็ด
703,เสลภูมิ,146,ร้อยเอ็ด
704,หนองพอก,146,ร้อยเอ็ด
705,หนองฮี,146,ร้อยเอ็ด
706,อาจสามารถ,146,ร้อยเอ็ด
707,แกลง,147,ระยอง
708,เขาชะเมา,147,ระยอง
709,นิคมพัฒนา,147,ระยอง
710,บ้านค่าย,147,ระยอง
711,บ้านฉาง,147,ระยอง
712,ปลวกแดง,147,ระยอง
713,เมืองระยอง,147,ระยอง
714,วังจันทร์,147,ระยอง
715,จอมบึง,148,ราชบุรี
716,ดำเนินสะดวก,148,ราชบุรี
717,บางแพ,148,ราชบุรี
718,บ้านคา,148,ราชบุรี
719,บ้านโป่ง,148,ราชบุรี
720,ปากท่อ,148,ราชบุรี
721,โพธาราม,148,ราชบุรี
722,เมืองราชบุรี,148,ราชบุรี
723,วัดเพลง,148,ราชบุรี
724,สวนผึ้ง,148,ราชบุรี
725,โคกเจริญ,149,ลพบุรี
726,โคกสำโรง,149,ลพบุรี
727,ชัยบาดาล,149,ลพบุรี
728,ท่าวุ้ง,149,ลพบุรี
729,ท่าหลวง,149,ลพบุรี
730,บ้านเช่า,149,ลพบุรี
731,บ้านหมี่,149,ลพบุรี
732,พัฒนานิคม,149,ลพบุรี
733,เมืองลพบุรี,149,ลพบุรี
734,ลำสนธิ,149,ลพบุรี
735,สระโบสถ์,149,ลพบุรี
736,หนองม่วง,149,ลพบุรี
737,เกาะคา,150,ลำปาง
738,งาว,150,ลำปาง
739,แจ้ห่ม,150,ลำปาง
740,เถิน,150,ลำปาง
741,เมืองปาน,150,ลำปาง
742,เมืองลำปาง,150,ลำปาง
743,แม่ทะ,150,ลำปาง
744,แม่พริก,150,ลำปาง
745,แม่เมาะ,150,ลำปาง
746,วังเหนือ,150,ลำปาง
747,สบปราบ,150,ลำปาง
748,เสริมงาม,150,ลำปาง
749,ห้างฉัตร,150,ลำปาง
750,ทุ่งหัวช้าง,151,ลำพูน
751,บ้านธิ,151,ลำพูน
752,บ้านโฮ่ง,151,ลำพูน
753,ป่าซาง,151,ลำพูน
754,เมืองลำพูน,151,ลำพูน
755,แม่ทา,151,ลำพูน
756,ลี้,151,ลำพูน
757,เวียงหนองล่อง,151,ลำพูน
758,เชียงคาน,152,เลย
759,ด่านซ้าย,152,เลย
760,ท่าลี่,152,เลย
761,นาด้วง,152,เลย
762,นาแห้ว,152,เลย
763,ปากชม,152,เลย
764,ผาขาว,152,เลย
765,ภูกระดึง,152,เลย
766,ภูเรือ,152,เลย
767,ภูหลวง,152,เลย
768,เมืองเลย,152,เลย
769,วังสะพุง,152,เลย
770,หนองหิน,152,เลย
771,เอราวัณ,152,เลย
772,กันทรลักษ์,153,ศรีสะเกษ
773,กันทรารมย์,153,ศรีสะเกษ
774,ขุขันธ์,153,ศรีสะเกษ
775,ขุนหาญ,153,ศรีสะเกษ
776,น้ำเกลี้ยง,153,ศรีสะเกษ
777,โนนคูณ,153,ศรีสะเกษ
778,บึงบูรพ์,153,ศรีสะเกษ
779,เบญจลักษ์,153,ศรีสะเกษ
780,ปรางค์กู่,153,ศรีสะเกษ
781,พยุห์,153,ศรีสะเกษ
782,โพธิ์ศรีสุวรรณ,153,ศรีสะเกษ
783,ไพรบึง,153,ศรีสะเกษ
784,ภูสิงห์,153,ศรีสะเกษ
785,เมืองจันทร์,153,ศรีสะเกษ
786,เมืองศรีสะเกษ,153,ศรีสะเกษ
787,ยางชุมน้อย,153,ศรีสะเกษ
788,ราษีไศล,153,ศรีสะเกษ
789,วังหิน,153,ศรีสะเกษ
790,ศรีรัตนะ,153,ศรีสะเกษ
791,ศิลาลาด,153,ศรีสะเกษ
792,ห้วยทับทัน,153,ศรีสะเกษ
793,อุทุมพรพิสัย,153,ศรีสะเกษ
794,กุดบาก,154,สกลนคร
795,กุสุมาลย์,154,สกลนคร
796,คำตากล้า,154,สกลนคร
797,โคกศรีสุพรรณ,154,สกลนคร
798,เจริญศิลป์,154,สกลนคร
799,เต่างอย,154,สกลนคร
800,นิคมน้ำอูน,154,สกลนคร
801,บ้านม่วง,154,สกลนคร
802,บ้านหัน,154,สกลนคร
803,พรรณานิคม,154,สกลนคร
804,พังโคน,154,สกลนคร
805,โพนนาแก้ว,154,สกลนคร
806,ภูพาน,154,สกลนคร
807,เมืองสกลนคร,154,สกลนคร
808,วานรนิวาส,154,สกลนคร
809,วานรนิวาส,154,สกลนคร
810,วาริชภูมิ,154,สกลนคร
811,สว่างแดนดิน,154,สกลนคร
812,ส่องดาว,154,สกลนคร
813,อากาศอำนวย,154,สกลนคร
814,กระแสสินธุ์,155,สงขลา
815,คลองหอยโข่ง,155,สงขลา
816,ควนเนียง,155,สงขลา
817,จะนะ,155,สงขลา
818,เทพา,155,สงขลา
819,นาทวี,155,สงขลา
820,นาหม่อม,155,สงขลา
821,บางกล่ำ,155,สงขลา
822,เมืองสงขลา,155,สงขลา
823,ระโนด,155,สงขลา
824,รัตภูมิ,155,สงขลา
825,สทิงพระ,155,สงขลา
826,สะเดา,155,สงขลา
827,สะบ้าย้อย,155,สงขลา
828,สิงหนคร,155,สงขลา
829,หาดใหญ่,155,สงขลา
830,ควนกาหลง,156,สตูล
831,ควนโดน,156,สตูล
832,ท่าแพ,156,สตูล
833,ทุ่งหว้า,156,สตูล
834,มะนัง,156,สตูล
835,เมืองสตูล,156,สตูล
836,ละงู,156,สตูล
837,บางบ่อ,157,สมุทรปราการ
838,บางพลี,157,สมุทรปราการ
839,บางเสาธง,157,สมุทรปราการ
840,พระประแดง,157,สมุทรปราการ
841,พระสมุทรเจดีย์,157,สมุทรปราการ
842,เมืองสมุทรปราการ,157,สมุทรปราการ
843,กระทุ่มแบน,158,สมุทรสาคร
844,บ้านแพ้ว,158,สมุทรสาคร
845,เมืองสมุทรสาคร,158,สมุทรสาคร
846,เขาฉกรรจ์,159,สระแก้ว
847,คลองหาด,159,สระแก้ว
848,โคกสูง,159,สระแก้ว
849,ตาพระยา,159,สระแก้ว
850,เมืองสระแก้ว,159,สระแก้ว
851,วังน้ำเย็น,159,สระแก้ว
852,วังสมบูรณ์,159,สระแก้ว
853,วัฒนานคร,159,สระแก้ว
854,อรัญประเทศ,159,สระแก้ว
855,แก่งคอย,160,สระบุรี
856,เฉลิมพระเกียรติ,160,สระบุรี
857,ดอนพุด,160,สระบุรี
858,บ้านหมอ,160,สระบุรี
859,พระพุทธบาท,160,สระบุรี
860,มวกเหล็ก,160,สระบุรี
861,เมืองสระบุรี,160,สระบุรี
862,วังม่วง,160,สระบุรี
863,วิหารแดง,160,สระบุรี
864,เสาไห้,160,สระบุรี
865,หนองแค,160,สระบุรี
866,หนองแซง,160,สระบุรี
867,หนองโดน,160,สระบุรี
868,ค่ายบางระจัน,161,สิงห์บุรี
869,ท่าช้าง,161,สิงห์บุรี
870,บางระจัน,161,สิงห์บุรี
871,พรหมบุรี,161,สิงห์บุรี
872,เมืองสิงห์บุรี,161,สิงห์บุรี
873,อินทร์บุรี,161,สิงห์บุรี
874,กงไกรลาศ,162,สุโขทัย
875,คีรีมาศ,162,สุโขทัย
876,ทุ่งเสลี่ยม,162,สุโขทัย
877,บ้านด่านลานหอย,162,สุโขทัย
878,เมืองสุโขทัย,162,สุโขทัย
879,ศรีนคร,162,สุโขทัย
880,ศรีสัชนาลัย,162,สุโขทัย
881,ศรีสำโรง,162,สุโขทัย
882,สวรรคโลก,162,สุโขทัย
883,ดอนเจดีย์,163,สุพรรณบุรี
884,ด่านช้าง,163,สุพรรณบุรี
885,เดิมบางนางบวช,163,สุพรรณบุรี
886,บางปลาม้า,163,สุพรรณบุรี
887,เมืองสุพรรณบุรี,163,สุพรรณบุรี
888,ศรีประจันต์,163,สุพรรณบุรี
889,สองพี่น้อง,163,สุพรรณบุรี
890,สามชุก,163,สุพรรณบุรี
891,หนองหญ้าไซ,163,สุพรรณบุรี
892,อู่ทอง,163,สุพรรณบุรี
893,กาญจนดิษฐ์,164,สุราษฎร์ธานี
894,เกาะพงัน,164,สุราษฎร์ธานี
895,เกาะพะงัน,164,สุราษฎร์ธานี
896,เกาะสมุย,164,สุราษฎร์ธานี
897,คีรีรัฐนิคม,164,สุราษฎร์ธานี
898,เคียนซา,164,สุราษฎร์ธานี
899,ชัยบุรี,164,สุราษฎร์ธานี
900,ไชยา,164,สุราษฎร์ธานี
901,ดอนสัก,164,สุราษฎร์ธานี
902,ท่าฉาง,164,สุราษฎร์ธานี
903,ท่าชนะ,164,สุราษฎร์ธานี
904,บ้านดอน,164,สุราษฎร์ธานี
905,บ้านตาขุน,164,สุราษฎร์ธานี
906,บ้านนาเดิม,164,สุราษฎร์ธานี
907,บ้านนาสาร,164,สุราษฎร์ธานี
908,พนม,164,สุราษฎร์ธานี
909,พระแสง,164,สุราษฎร์ธานี
910,พุนพิน,164,สุราษฎร์ธานี
911,เมืองสุราษฎร์ธานี,164,สุราษฎร์ธานี
912,วิภาวดี,164,สุราษฎร์ธานี
913,เวียงสระ,164,สุราษฎร์ธานี
914,กาบเชิง,165,สุรินทร์
915,เขวาสินรินทร์,165,สุรินทร์
916,จอมพระ,165,สุรินทร์
917,ชุมพลบุรี,165,สุรินทร์
918,ท่าตูม,165,สุรินทร์
919,โนนนารายณ์,165,สุรินทร์
920,บัวเชด,165,สุรินทร์
921,ปราสาท,165,สุรินทร์
922,พนมดงรัก,165,สุรินทร์
923,เมืองสุรินทร์,165,สุรินทร์
924,รัตนบุรี,165,สุรินทร์
925,ลำดวน,165,สุรินทร์
926,ศรีณรงค์,165,สุรินทร์
927,ศีขรภูมิ,165,สุรินทร์
928,สนม,165,สุรินทร์
929,สังขะ,165,สุรินทร์
930,สำโรงทาบ,165,สุรินทร์
931,เซกา,166,หนองคาย
932,โซ่พิสัย,166,หนองคาย
933,ท่าบ่อ,166,หนองคาย
934,บึงกาฬ,166,หนองคาย
935,บึงโขงหลง,166,หนองคาย
936,บุ่งคล้า,166,หนองคาย
937,ปากคาด,166,หนองคาย
938,เฝ้าไร่,166,หนองคาย
939,พรเจริญ,166,หนองคาย
940,โพธิ์ตาก,166,หนองคาย
941,โพนพิสัย,166,หนองคาย
942,เมืองหนองคาย,166,หนองคาย
943,รัตนวาปี,166,หนองคาย
944,ศรีเชียงใหม่,166,หนองคาย
945,ศรีวิไล,166,หนองคาย
946,สระใคร,166,หนองคาย
947,สังคม,166,หนองคาย
948,นากลาง,167,หนองบัวลำภู
949,นาวัง,167,หนองบัวลำภู
950,โนนสัง,167,หนองบัวลำภู
951,เมืองหนองบัวลำภู,167,หนองบัวลำภู
952,ศรีบุญเรือง,167,หนองบัวลำภู
953,สุวรรณคูหา,167,หนองบัวลำภู
954,ไชโย,168,อ่างทอง
955,ป่าโมก,168,อ่างทอง
956,โพธิ์ทอง,168,อ่างทอง
957,เมืองอ่างทอง,168,อ่างทอง
958,วิเศษชัยชาญ,168,อ่างทอง
959,สามโก้,168,อ่างทอง
960,แสวงหา,168,อ่างทอง
961,ชานุมาน,169,อำนาจเจริญ
962,ปทุมราชวงศา,169,อำนาจเจริญ
963,พนา,169,อำนาจเจริญ
964,เมืองอำนาจเจริญ,169,อำนาจเจริญ
965,ลืออำนาจ,169,อำนาจเจริญ
966,เสนางคนิคม,169,อำนาจเจริญ
967,หัวตะพาน,169,อำนาจเจริญ
968,กุดจับ,170,อุดรธานี
969,กุมภวาปี,170,อุดรธานี
970,กู่แก้ว,170,อุดรธานี
971,ไชยวาน,170,อุดรธานี
972,ทุ่งฝน,170,อุดรธานี
973,นากลาง,170,อุดรธานี
974,นายูง,170,อุดรธานี
975,น้ำโสม,170,อุดรธานี
976,โนนสะอาด,170,อุดรธานี
977,โนนสัง,170,อุดรธานี
978,บ้านดุง,170,อุดรธานี
979,บ้านผือ,170,อุดรธานี
980,ประจักษ์ศิลปาคม,170,อุดรธานี
981,พิบูลย์รักษ์,170,อุดรธานี
982,เพ็ญ,170,อุดรธานี
983,เมืองอุดรธานี,170,อุดรธานี
984,วังสามหมอ,170,อุดรธานี
985,ศรีธาตุ,170,อุดรธานี
986,ศรีบุญเรือง,170,อุดรธานี
987,สร้างคอม,170,อุดรธานี
988,สุวรรณคูหา,170,อุดรธานี
989,หนองบัวลำภู,170,อุดรธานี
990,หนองวัวซอ,170,อุดรธานี
991,หนองแสง,170,อุดรธานี
992,หนองหาน,170,อุดรธานี
993,ตรอน,171,อุตรดิตถ์
994,ทองแสนขัน,171,อุตรดิตถ์
995,ท่าปลา,171,อุตรดิตถ์
996,น้ำปาด,171,อุตรดิตถ์
997,บ้านโคก,171,อุตรดิตถ์
998,พิชัย,171,อุตรดิตถ์
999,ฟากท่า,171,อุตรดิตถ์
1000,เมืองอุตรดิตถ์,171,อุตรดิตถ์
1001,ลับแล,171,อุตรดิตถ์
1002,ทัพทัน,172,อุทัยธานี
1003,บ้านไร่,172,อุทัยธานี
1004,เมืองอุทัยธานี,172,อุทัยธานี
1005,ลานสัก,172,อุทัยธานี
1006,สว่างอารมณ์,172,อุทัยธานี
1007,หนองขาหย่าง,172,อุทัยธานี
1008,หนองฉาง,172,อุทัยธานี
1009,ห้วยคต,172,อุทัยธานี
1010,กิ่งอำเภอลืออำนาจ,173,อุบลราชธานี
1011,กิ่งอำเภอศรีหลักชัย,173,อุบลราชธานี
1012,กุดข้าวปุ้น,173,อุบลราชธานี
1013,เขมราฐ,173,อุบลราชธานี
1014,เขื่องใน,173,อุบลราชธานี
1015,โขงเจียม,173,อุบลราชธานี
1016,ชานุมาน,173,อุบลราชธานี
1017,ดอนมดแดง,173,อุบลราชธานี
1018,เดชอุดม,173,อุบลราชธานี
1019,ตระการพืชผล,173,อุบลราชธานี
1020,ตาลสุม,173,อุบลราชธานี
1021,ทุ่งศรีอุดม,173,อุบลราชธานี
1022,นาจะหลวย,173,อุบลราชธานี
1023,นาตาล,173,อุบลราชธานี
1024,นาเยีย,173,อุบลราชธานี
1025,น้ำขุ่น,173,อุบลราชธานี
1026,น้ำยืน,173,อุบลราชธานี
1027,บุณฑริก,173,อุบลราชธานี
1028,ปทุมราชวงศา,173,อุบลราชธานี
1029,พนา,173,อุบลราชธานี
1030,พิบูลมังสาหาร,173,อุบลราชธานี
1031,โพธิ์ไทร,173,อุบลราชธานี
1032,ม่วงสามสิบ,173,อุบลราชธานี
1033,เมืองอุบลราชธานี,173,อุบลราชธานี
1034,วารินชำราบ,173,อุบลราชธานี
1035,ศรีเมืองใหม่,173,อุบลราชธานี
1036,สว่างวีระวงศ์,173,อุบลราชธานี
1037,สำโรง,173,อุบลราชธานี
1038,สิรินธร,173,อุบลราชธานี
1039,สุวรรณวารี,173,อุบลราชธานี
1040,เสนางคนิคม,173,อุบลราชธานี
1041,หัวตะพาน,173,อุบลราชธานี
1042,เหล่าเสือโก้ก,173,อุบลราชธานี
1043,อำนาจเจริญ,173,อุบลราชธานี
1044,กิ่งอำเภอซับใหญ่,174,ชัยภูมิ
1045,เกษตรสมบูรณ์,174,ชัยภูมิ
1046,แก้งคร้อ,174,ชัยภูมิ
1047,แก้งคร้อ,174,ชัยภูมิ
1048,คอนสวรรค์,174,ชัยภูมิ
1049,คอนสาร,174,ชัยภูมิ
1050,คอนสาร,174,ชัยภูมิ
1051,จัตุรัส,174,ชัยภูมิ
1052,ซับใหญ่,174,ชัยภูมิ
1053,เทพสถิต,174,ชัยภูมิ
1054,เทพสถิต,174,ชัยภูมิ
1055,เนินสง่า,174,ชัยภูมิ
1056,บ้านเขว้า,174,ชัยภูมิ
1057,บ้านแท่น,174,ชัยภูมิ
1058,บ้านแท่น,174,ชัยภูมิ
1059,บำเหน็จณรงค์,174,ชัยภูมิ
1060,ภักดีชุมพล,174,ชัยภูมิ
1061,ภูเขียว,174,ชัยภูมิ
1062,เมืองชัยภูมิ,174,ชัยภูมิ
1063,เมืองชัยภูมิ,174,ชัยภูมิ
1064,หนองบัวแดง,174,ชัยภูมิ
1065,หนองบัวแดง,174,ชัยภูมิ
1066,หนองบัวระเหว,174,ชัยภูมิ
1067,บางคนที,175,สมุทรสงคราม
1068,เมืองสมุทรสงคราม,175,สมุทรสงคราม
1069,อัมพวา,175,สมุทรสงคราม
1070,กระบุรี,176,ระนอง
1071,กะเปอร์,176,ระนอง
1072,เมืองระนอง,176,ระนอง
1073,ละอุ่น,176,ระนอง
1074,สุขสำราญ,176,ระนอง
